insert into marketing_consents(electronic_marketing, phone_marketing)
VALUES (false, false);
insert into marketing_consents(electronic_marketing, phone_marketing)
VALUES (false, true);
insert into marketing_consents(electronic_marketing, phone_marketing)
VALUES (true, false);
insert into marketing_consents(electronic_marketing, phone_marketing)
VALUES (true, true);
insert into provinces(name)
values ('dolnośląskie');
insert into provinces(name)
values ('kujawsko-pomorskie');
insert into provinces(name)
values ('lubelskie');
insert into provinces(name)
values ('lubuskie');
insert into provinces(name)
values ('łódzkie');
insert into provinces(name)
values ('małopolskie');
insert into provinces(name)
values ('mazowieckie');
insert into provinces(name)
values ('opolskie');
insert into provinces(name)
values ('podkarpackie');
insert into provinces(name)
values ('podlaskie');
insert into provinces(name)
values ('pomorskie');
insert into provinces(name)
values ('śląskie');
insert into provinces(name)
values ('świętokrzyskie');
insert into provinces(name)
values ('warmińsko-mazurskie');
insert into provinces(name)
values ('wielkopolskie');
insert into provinces(name)
values ('zachodniopomorskie');
insert into transaction_types(name)
values ('transfer');
insert into transaction_types(name)
values ('card_payment');
insert into transaction_types(name)
values ('atm_transaction');
insert into address_types(name)
values ('korespondencyjny');
insert into address_types(name)
values ('zameldowania');
insert into addresses(street, number, city, postcode, province_id)
values ('ul. Natolińska', '42/169', 'Zielona Góra', '43978', 4);
insert into addresses(street, number, city, postcode, province_id)
values ('ul. Nowolipie', '80/64', 'Gdańsk', '25950', 11);
insert into addresses(street, number, city, postcode, province_id)
values ('ul. Boduena Gabriela Piotra', '73/101', 'Białystok', '09552', 10);
insert into addresses(street, number, city, postcode, province_id)
values ('ul. Niecała', '30/158', 'Suwałki', '22844', 10);
insert into addresses(street, number, city, postcode, province_id)
values ('ul. Miechowska', '88/60', 'Łódź', '92007', 5);
insert into addresses(street, number, city, postcode, province_id)
values ('ul. Humańska', '22/89', 'Koszalin', '06970', 16);
insert into addresses(street, number, city, postcode, province_id)
values ('ul. Marszałkowska', '56/134', 'Toruń', '52812', 2);
insert into addresses(street, number, city, postcode, province_id)
values ('ul. Parkowa', '52/177', 'Poznań', '46589', 15);
insert into addresses(street, number, city, postcode, province_id)
values ('ul. Krochmalna', '85/64', 'Ostrowiec Świętokrzyski', '39228', 13);
insert into addresses(street, number, city, postcode, province_id)
values ('ul. Mokotowska', '85/98', 'Toruń', '68409', 2);
insert into addresses(street, number, city, postcode, province_id)
values ('ul. Wilcza', '11/82', 'Częstochowa', '17602', 12);
insert into addresses(street, number, city, postcode, province_id)
values ('ul. Leszno', '21/6', 'Toruń', '20438', 2);
insert into addresses(street, number, city, postcode, province_id)
values ('ul. Wspólna', '32/98', 'Białystok', '55221', 10);
insert into addresses(street, number, city, postcode, province_id)
values ('ul. Staszica Stanisława', '79/14', 'Gdańsk', '80468', 11);
insert into addresses(street, number, city, postcode, province_id)
values ('ul. Nowosielecka', '46/48', 'Wałbrzych', '87507', 1);
insert into addresses(street, number, city, postcode, province_id)
values ('ul. Miedziana', '87/187', 'Gdańsk', '63890', 11);
insert into addresses(street, number, city, postcode, province_id)
values ('ul. Trębacka', '23/197', 'Konin', '72571', 15);
insert into addresses(street, number, city, postcode, province_id)
values ('Al. Solidarności', '86/23', 'Częstochowa', '49887', 12);
insert into addresses(street, number, city, postcode, province_id)
values ('Al. Jana Pawła II', '75/140', 'Łódź', '14854', 5);
insert into addresses(street, number, city, postcode, province_id)
values ('ul. Banioska', '95/23', 'Bydgoszcz', '67644', 2);
insert into addresses(street, number, city, postcode, province_id)
values ('ul. Pańska', '86/132', 'Radom', '77641', 7);
insert into addresses(street, number, city, postcode, province_id)
values ('ul. Żelazna', '64/42', 'Piotrków Trybunalski', '19782', 5);
insert into addresses(street, number, city, postcode, province_id)
values ('ul. Krucza', '99/124', 'Piotrków Trybunalski', '69169', 5);
insert into addresses(street, number, city, postcode, province_id)
values ('ul. Kujawska', '55/38', 'Wałbrzych', '54535', 1);
insert into addresses(street, number, city, postcode, province_id)
values ('Al. Wyzwolenia', '29/119', 'Przemyśl', '76823', 9);
insert into addresses(street, number, city, postcode, province_id)
values ('ul. Moliera Jana Baptysty', '73/183', 'Białystok', '29986', 10);
insert into addresses(street, number, city, postcode, province_id)
values ('ul. Wolska', '66/106', 'Radom', '27255', 7);
insert into addresses(street, number, city, postcode, province_id)
values ('ul. Redutowa', '77/30', 'Suwałki', '62102', 10);
insert into addresses(street, number, city, postcode, province_id)
values ('ul. Stawki', '85/179', 'Przemyśl', '55238', 9);
insert into addresses(street, number, city, postcode, province_id)
values ('ul. Świętokrzyska', '42/117', 'Ostrowiec Świętokrzyski', '36293', 13);
insert into bank_branches (address_id) values (16);
insert into bank_branches (address_id) values (14);
insert into bank_branches (address_id) values (17);
insert into bank_branches (address_id) values (7);
insert into bank_branches (address_id) values (18);
insert into bank_branches (address_id) values (13);
insert into bank_branches (address_id) values (25);
insert into bank_branches (address_id) values (9);
insert into bank_branches (address_id) values (27);
insert into bank_branches (address_id) values (15);
insert into bank_branches (address_id) values (23);
insert into bank_branches (address_id) values (11);
insert into bank_branches (address_id) values (3);
insert into bank_branches (address_id) values (20);
insert into bank_branches (address_id) values (29);
insert into bank_branches (address_id) values (26);
insert into bank_branches (address_id) values (12);
insert into bank_branches (address_id) values (5);
insert into bank_branches (address_id) values (21);
insert into bank_branches (address_id) values (22);
insert into bank_branches (address_id) values (19);
insert into bank_branches (address_id) values (10);
insert into bank_branches (address_id) values (24);
insert into bank_branches (address_id) values (6);
insert into bank_branches (address_id) values (4);
insert into bank_branches (address_id) values (30);
insert into bank_branches (address_id) values (2);
insert into bank_branches (address_id) values (28);
insert into bank_branches (address_id) values (1);
insert into bank_branches (address_id) values (8);
insert into customers(first_name, last_name, phone_number, email, password, pesel, marketing_cons_id, bank_branch_id)
VALUES('Monika', 'Zalewska', '862614365', 'Monika_Zalewska9', '9TPGhCcxAy3K12S0m5Vm', '17122614444', 18, 17);
insert into customers(first_name, last_name, phone_number, email, password, pesel, marketing_cons_id, bank_branch_id)
VALUES('Marta', 'Kwiatkowska', '740717839', 'Marta_Kwiatkowska70', 'QjAuGiqnav4ejLGfMkFs', '49101313664', 28, 12);
insert into customers(first_name, last_name, phone_number, email, password, pesel, marketing_cons_id, bank_branch_id)
VALUES('Aleksandra', 'Nowak', '581202647', 'Aleksandra_Nowak6', 'Cx2okuK9BsJq6uo7I1kF', '35053112204', 9, 21);
insert into customers(first_name, last_name, phone_number, email, password, pesel, marketing_cons_id, bank_branch_id)
VALUES('Marek', 'Zając', '801272818', 'Marek_Zając23', 'KvAbeSet7UdEMVD8k82l', '19082518110', 15, 22);
insert into customers(first_name, last_name, phone_number, email, password, pesel, marketing_cons_id, bank_branch_id)
VALUES('Małgorzata', 'Wróblewska', '887769692', 'Małgorzata_Wróblewska0', 'ELNge6DEUnS9p3h7loVK', '90051274844', 4, 27);
insert into customers(first_name, last_name, phone_number, email, password, pesel, marketing_cons_id, bank_branch_id)
VALUES('Dariusz', 'Kozłowski', '865430850', 'Dariusz_Kozłowski13', 'RT4lsYND5NjXHSMAGvhk', '64082901033', 12, 1);
insert into customers(first_name, last_name, phone_number, email, password, pesel, marketing_cons_id, bank_branch_id)
VALUES('Marcin', 'Mazur', '693178937', 'Marcin_Mazur64', 'tQyMlb8UAIjsgFYB5giE', '72092822398', 15, 11);
insert into customers(first_name, last_name, phone_number, email, password, pesel, marketing_cons_id, bank_branch_id)
VALUES('Tadeusz', 'Majewski', '755088591', 'Tadeusz_Majewski8', 'soOJrRU736ZY6H1nEVmW', '16091140756', 11, 15);
insert into customers(first_name, last_name, phone_number, email, password, pesel, marketing_cons_id, bank_branch_id)
VALUES('Ryszard', 'Zalewski', '778152842', 'Ryszard_Zalewski62', 'QWqR32pKqabR5HLBaiyq', '88062923035', 24, 28);
insert into customers(first_name, last_name, phone_number, email, password, pesel, marketing_cons_id, bank_branch_id)
VALUES('Krystyna', 'Adamczyk', '758458818', 'Krystyna_Adamczyk44', '1qv5CzzCaTmqivzxwvyA', '87062600465', 16, 29);
insert into customers(first_name, last_name, phone_number, email, password, pesel, marketing_cons_id, bank_branch_id)
VALUES('Jadwiga', 'Rutkowska', '668391355', 'Jadwiga_Rutkowska81', 'D01FtCWAI27yiJopO5cI', '51121535821', 21, 11);
insert into customers(first_name, last_name, phone_number, email, password, pesel, marketing_cons_id, bank_branch_id)
VALUES('Mariusz', 'Pawlak', '810108073', 'Mariusz_Pawlak54', 'UHpL7lqKyl4kahNP6rRm', '14060848375', 24, 29);
insert into customers(first_name, last_name, phone_number, email, password, pesel, marketing_cons_id, bank_branch_id)
VALUES('Elżbieta', 'Kwiatkowska', '871348418', 'Elżbieta_Kwiatkowska64', 'cNTHJxrCOY8HhqNoGuK7', '31072233241', 2, 23);
insert into customers(first_name, last_name, phone_number, email, password, pesel, marketing_cons_id, bank_branch_id)
VALUES('Ryszard', 'Nowakowski', '682645847', 'Ryszard_Nowakowski86', 'xUlzjkGUN4kQuzUUhpE8', '71083197877', 19, 13);
insert into customers(first_name, last_name, phone_number, email, password, pesel, marketing_cons_id, bank_branch_id)
VALUES('Mariusz', 'Majewski', '624419585', 'Mariusz_Majewski1', '94b3nfC5yhLlxLIDAun7', '78061713436', 3, 21);
insert into customers(first_name, last_name, phone_number, email, password, pesel, marketing_cons_id, bank_branch_id)
VALUES('Maciej', 'Pawłowski', '734125829', 'Maciej_Pawłowski21', '1njKsbjfXPIVbm6lXCvO', '68112163833', 17, 24);
insert into customers(first_name, last_name, phone_number, email, password, pesel, marketing_cons_id, bank_branch_id)
VALUES('Michał', 'Kamiński', '701737065', 'Michał_Kamiński93', 'JbPpZXq7WThsQWQDePkz', '13082529471', 15, 19);
insert into customers(first_name, last_name, phone_number, email, password, pesel, marketing_cons_id, bank_branch_id)
VALUES('Piotr', 'Michalski', '892212274', 'Piotr_Michalski88', '5Q7Hc3PAgdHGCGq5lL7u', '31092253799', 21, 14);
insert into customers(first_name, last_name, phone_number, email, password, pesel, marketing_cons_id, bank_branch_id)
VALUES('Ewa', 'Dąbrowska', '786889416', 'Ewa_Dąbrowska40', 'UjvFVWKk6XVUukpLVKDu', '00211203102', 18, 14);
insert into customers(first_name, last_name, phone_number, email, password, pesel, marketing_cons_id, bank_branch_id)
VALUES('Anna', 'Nowak', '799357042', 'Anna_Nowak51', 'stVMFYIk0tFFx3VN883V', '34061767226', 15, 22);
insert into customers(first_name, last_name, phone_number, email, password, pesel, marketing_cons_id, bank_branch_id)
VALUES('Zofia', 'Jaworska', '585306040', 'Zofia_Jaworska1', 'oTsjLLUu0CsPpFYBs86I', '67042274509', 16, 5);
insert into customers(first_name, last_name, phone_number, email, password, pesel, marketing_cons_id, bank_branch_id)
VALUES('Józef', 'Michalski', '830508054', 'Józef_Michalski26', 'sg6IBAnhp8k8Vdyih47V', '37120376634', 1, 22);
insert into customers(first_name, last_name, phone_number, email, password, pesel, marketing_cons_id, bank_branch_id)
VALUES('Elżbieta', 'Kowalczyk', '751178737', 'Elżbieta_Kowalczyk89', 'dlMmaazgB0lZRDVm8jrc', '71022651206', 19, 28);
insert into customers(first_name, last_name, phone_number, email, password, pesel, marketing_cons_id, bank_branch_id)
VALUES('Kamil', 'Kowalski', '528296997', 'Kamil_Kowalski95', 'FIfL8se08CJtAebtDUAV', '36051325876', 28, 26);
insert into customers(first_name, last_name, phone_number, email, password, pesel, marketing_cons_id, bank_branch_id)
VALUES('Krzysztof', 'Zieliński', '705527933', 'Krzysztof_Zieliński36', 'n6q0pOEtpuqU32F9ro5G', '78051664755', 2, 16);
insert into customers(first_name, last_name, phone_number, email, password, pesel, marketing_cons_id, bank_branch_id)
VALUES('Małgorzata', 'Stępień', '702029736', 'Małgorzata_Stępień59', 'rIuQiwWiUuwd63ScrAwa', '43102610706', 24, 21);
insert into customers(first_name, last_name, phone_number, email, password, pesel, marketing_cons_id, bank_branch_id)
VALUES('Julia', 'Jaworska', '744193208', 'Julia_Jaworska36', 'WO25qTE1p8WXIBdCiO5i', '40081010983', 5, 18);
insert into customers(first_name, last_name, phone_number, email, password, pesel, marketing_cons_id, bank_branch_id)
VALUES('Danuta', 'Wiśniewska', '531932089', 'Danuta_Wiśniewska36', 'inGqfQw38XITvQaF3jxC', '76011163263', 28, 2);
insert into customers(first_name, last_name, phone_number, email, password, pesel, marketing_cons_id, bank_branch_id)
VALUES('Małgorzata', 'Nowicka', '681074128', 'Małgorzata_Nowicka85', '4bh3y0CgSlXOzUeWtD7a', '18060675320', 16, 22);
insert into customers(first_name, last_name, phone_number, email, password, pesel, marketing_cons_id, bank_branch_id)
VALUES('Jadwiga', 'Sikora', '677310133', 'Jadwiga_Sikora53', '10WA6LSPzmC3Wct9LePQ', '29110301182', 26, 4);
insert into cards(account_id, pin_code, start_date, expire_date, card_number, ccv_code, is_active) values (3, 6643, 2017-11-04 15:09:58.94, 2021-11-07 15:09:58.94, 6303007839272783, 710, true)
insert into transactions(id, account_id, date, amount, transaction_type_id) values (1, 3, 2020-12-31 02:35:08.27, 66101, 2)
insert into card_payments(transaction_id, card_id, recipient_name) values (1, 1, random-recipient-611367)
insert into cards(account_id, pin_code, start_date, expire_date, card_number, ccv_code, is_active) values (8, 9435, 2018-04-20 15:56:41.642, 2022-04-23 15:56:41.642, 6302096424438324, 677, true)
insert into transactions(id, account_id, date, amount, transaction_type_id) values (1, 8, 2021-08-18 23:52:26.611, 39008, 2)
insert into card_payments(transaction_id, card_id, recipient_name) values (1, 2, random-recipient-355953)
insert into cards(account_id, pin_code, start_date, expire_date, card_number, ccv_code, is_active) values (15, 6616, 2017-05-10 09:04:02.41, 2021-05-13 09:04:02.41, 6420746915707194, 955, true)
insert into transactions(id, account_id, date, amount, transaction_type_id) values (1, 15, 2020-02-01 14:22:36.627, 14039, 2)
insert into card_payments(transaction_id, card_id, recipient_name) values (1, 3, random-recipient-212594)
insert into cards(account_id, pin_code, start_date, expire_date, card_number, ccv_code, is_active) values (30, 9114, 2015-03-30 16:54:33.413, 2019-04-02 16:54:33.413, 6330468150197052, 270, true)
insert into transactions(id, account_id, date, amount, transaction_type_id) values (1, 30, 2019-02-06 04:30:31.583, 59766, 2)
insert into card_payments(transaction_id, card_id, recipient_name) values (1, 4, random-recipient-640478)
insert into cards(account_id, pin_code, start_date, expire_date, card_number, ccv_code, is_active) values (29, 5740, 2015-08-08 02:16:49.016, 2019-08-11 02:16:49.016, 6334186668303622, 943, true)
insert into transactions(id, account_id, date, amount, transaction_type_id) values (1, 29, 2017-07-21 06:32:58.825, -140, 3)
insert into atm_transactions(transaction_id, card_id, atm_id) values (1, 5, 28)
insert into cards(account_id, pin_code, start_date, expire_date, card_number, ccv_code, is_active) values (7, 6404, 2018-07-29 04:32:20.394, 2022-08-01 04:32:20.394, 6310104239538305, 668, true)
insert into transactions(id, account_id, date, amount, transaction_type_id) values (1, 7, 2021-10-26 01:18:06.532, -4250, 3)
insert into atm_transactions(transaction_id, card_id, atm_id) values (1, 6, 21)
insert into cards(account_id, pin_code, start_date, expire_date, card_number, ccv_code, is_active) values (25, 1148, 2017-04-27 00:37:38.969, 2021-04-30 00:37:38.969, 6428728251817925, 564, true)
insert into transactions(id, account_id, date, amount, transaction_type_id) values (1, 25, 2018-02-17 09:57:45.523, -1020, 3)
insert into atm_transactions(transaction_id, card_id, atm_id) values (1, 7, 19)
insert into cards(account_id, pin_code, start_date, expire_date, card_number, ccv_code, is_active) values (26, 3160, 2019-10-08 16:11:24.519, 2023-10-11 16:11:24.519, 6304867663250397, 678, true)
insert into transactions(id, account_id, date, amount, transaction_type_id) values (1, 26, 2022-12-03 22:28:35.97, -2180, 3)
insert into atm_transactions(transaction_id, card_id, atm_id) values (1, 8, 30)
insert into cards(account_id, pin_code, start_date, expire_date, card_number, ccv_code, is_active) values (17, 3243, 2013-09-28 18:54:05.948, 2017-10-01 18:54:05.948, 6433697782866038, 325, true)
insert into transactions(id, account_id, date, amount, transaction_type_id) values (1, 17, 2016-09-23 01:58:44.533, 83353, 2)
insert into card_payments(transaction_id, card_id, recipient_name) values (1, 9, random-recipient-353732)
insert into cards(account_id, pin_code, start_date, expire_date, card_number, ccv_code, is_active) values (1, 1293, 2011-03-31 08:43:00.559, 2015-04-03 08:43:00.559, 6462663239413454, 998, true)
insert into transactions(id, account_id, date, amount, transaction_type_id) values (1, 1, 2014-05-07 21:20:12.149, 54632, 1)
insert into transfers(transaction_id, recipient_account_id, title) values (1, 1, t-1-from-1-to-1-on-2014-05-07 21:20:12.149)
insert into cards(account_id, pin_code, start_date, expire_date, card_number, ccv_code, is_active) values (20, 5368, 2017-09-02 15:18:59.983, 2021-09-05 15:18:59.983, 6496871113992785, 206, false)
insert into transactions(id, account_id, date, amount, transaction_type_id) values (1, 20, 2020-04-21 00:26:18.068, -8770, 3)
insert into atm_transactions(transaction_id, card_id, atm_id) values (1, 11, 23)
insert into cards(account_id, pin_code, start_date, expire_date, card_number, ccv_code, is_active) values (18, 3898, 2019-03-28 07:46:50.249, 2023-03-31 08:46:50.249, null, 255, true)
insert into transactions(id, account_id, date, amount, transaction_type_id) values (1, 18, 2021-12-13 13:42:21.588, 4890, 3)
insert into atm_transactions(transaction_id, card_id, atm_id) values (1, 12, 25)
insert into cards(account_id, pin_code, start_date, expire_date, card_number, ccv_code, is_active) values (4, 5685, 2010-06-30 15:02:56.832, 2014-07-03 15:02:56.832, null, 841, true)
insert into transactions(id, account_id, date, amount, transaction_type_id) values (1, 4, 2013-07-14 12:50:01.841, 30662, 2)
insert into card_payments(transaction_id, card_id, recipient_name) values (1, 13, random-recipient-267157)
insert into cards(account_id, pin_code, start_date, expire_date, card_number, ccv_code, is_active) values (22, 9898, 2016-11-27 16:04:50.246, 2020-11-30 16:04:50.246, null, 490, true)
insert into transactions(id, account_id, date, amount, transaction_type_id) values (1, 22, 2017-08-26 18:43:50.145, 57214, 1)
insert into transfers(transaction_id, recipient_account_id, title) values (1, 22, t-1-from-22-to-22-on-2017-08-26 18:43:50.145)
insert into cards(account_id, pin_code, start_date, expire_date, card_number, ccv_code, is_active) values (28, 1474, 2010-12-30 11:24:42.589, 2015-01-02 11:24:42.589, null, 134, true)
insert into transactions(id, account_id, date, amount, transaction_type_id) values (1, 28, 2012-05-14 12:34:29.463, 16687, 1)
insert into transfers(transaction_id, recipient_account_id, title) values (1, 28, t-1-from-28-to-28-on-2012-05-14 12:34:29.463)
insert into cards(account_id, pin_code, start_date, expire_date, card_number, ccv_code, is_active) values (23, 7355, 2016-01-04 08:12:34.148, 2020-01-07 08:12:34.148, null, 536, true)
insert into transactions(id, account_id, date, amount, transaction_type_id) values (1, 23, 2018-07-12 01:43:04.951, 42494, 2)
insert into card_payments(transaction_id, card_id, recipient_name) values (1, 16, random-recipient-930759)
insert into cards(account_id, pin_code, start_date, expire_date, card_number, ccv_code, is_active) values (14, 8431, 2017-03-30 11:18:02.939, 2021-04-02 11:18:02.939, null, 210, true)
insert into transactions(id, account_id, date, amount, transaction_type_id) values (1, 14, 2020-10-11 12:06:13.297, 430, 3)
insert into atm_transactions(transaction_id, card_id, atm_id) values (1, 17, 3)
insert into cards(account_id, pin_code, start_date, expire_date, card_number, ccv_code, is_active) values (5, 3807, 2017-01-18 19:28:11.453, 2021-01-21 19:28:11.453, null, 459, true)
insert into transactions(id, account_id, date, amount, transaction_type_id) values (1, 5, 2020-05-18 23:08:35.813, 92361, 1)
insert into transfers(transaction_id, recipient_account_id, title) values (1, 5, t-1-from-5-to-5-on-2020-05-18 23:08:35.813)
insert into cards(account_id, pin_code, start_date, expire_date, card_number, ccv_code, is_active) values (6, 1951, 2017-01-31 16:41:41.903, 2021-02-03 16:41:41.903, null, 115, true)
insert into transactions(id, account_id, date, amount, transaction_type_id) values (1, 6, 2017-07-14 09:35:55.818, 1006, 2)
insert into card_payments(transaction_id, card_id, recipient_name) values (1, 19, random-recipient-230139)
insert into cards(account_id, pin_code, start_date, expire_date, card_number, ccv_code, is_active) values (16, 5637, 2017-04-09 21:34:47.67, 2021-04-12 21:34:47.67, null, 554, false)
insert into transactions(id, account_id, date, amount, transaction_type_id) values (1, 16, 2021-01-15 00:20:54.659, 7457, 2)
insert into card_payments(transaction_id, card_id, recipient_name) values (1, 20, random-recipient-760371)
insert into cards(account_id, pin_code, start_date, expire_date, card_number, ccv_code, is_active) values (27, 7108, 2019-10-14 23:00:20.916, 2023-10-17 23:00:20.916, null, 515, true)
insert into transactions(id, account_id, date, amount, transaction_type_id) values (1, 27, 2022-12-02 21:48:44.597, 490, 3)
insert into atm_transactions(transaction_id, card_id, atm_id) values (1, 21, 9)
insert into cards(account_id, pin_code, start_date, expire_date, card_number, ccv_code, is_active) values (10, 7802, 2012-12-03 21:44:09.505, 2016-12-06 21:44:09.505, null, 243, true)
insert into transactions(id, account_id, date, amount, transaction_type_id) values (1, 10, 2013-11-01 18:49:43.903, 45077, 1)
insert into transfers(transaction_id, recipient_account_id, title) values (1, 10, t-1-from-10-to-10-on-2013-11-01 18:49:43.903)
insert into cards(account_id, pin_code, start_date, expire_date, card_number, ccv_code, is_active) values (9, 2968, 2011-03-29 05:14:24.673, 2015-04-01 05:14:24.673, null, 333, true)
insert into transactions(id, account_id, date, amount, transaction_type_id) values (1, 9, 2012-08-09 08:35:09.36, 40784, 1)
insert into transfers(transaction_id, recipient_account_id, title) values (1, 9, t-1-from-9-to-9-on-2012-08-09 08:35:09.36)
insert into cards(account_id, pin_code, start_date, expire_date, card_number, ccv_code, is_active) values (19, 1393, 2017-05-17 17:12:35.571, 2021-05-20 17:12:35.571, null, 650, true)
insert into transactions(id, account_id, date, amount, transaction_type_id) values (1, 19, 2017-05-19 09:30:16.535, 49491, 1)
insert into transfers(transaction_id, recipient_account_id, title) values (1, 19, t-1-from-19-to-19-on-2017-05-19 09:30:16.535)
insert into cards(account_id, pin_code, start_date, expire_date, card_number, ccv_code, is_active) values (12, 3248, 2017-10-23 13:59:06.376, 2021-10-26 13:59:06.376, null, 592, true)
insert into transactions(id, account_id, date, amount, transaction_type_id) values (1, 12, 2019-01-02 08:26:11.662, 25636, 1)
insert into transfers(transaction_id, recipient_account_id, title) values (1, 12, t-1-from-12-to-12-on-2019-01-02 08:26:11.662)
insert into cards(account_id, pin_code, start_date, expire_date, card_number, ccv_code, is_active) values (24, 4374, 2019-05-24 16:05:00.499, 2023-05-27 16:05:00.499, null, 469, false)
insert into transactions(id, account_id, date, amount, transaction_type_id) values (1, 24, 2022-12-13 08:37:14.637, 78361, 1)
insert into transfers(transaction_id, recipient_account_id, title) values (1, 24, t-1-from-24-to-24-on-2022-12-13 08:37:14.637)
insert into cards(account_id, pin_code, start_date, expire_date, card_number, ccv_code, is_active) values (21, 1712, 2019-05-24 15:21:10.465, 2023-05-27 15:21:10.465, null, 755, true)
insert into transactions(id, account_id, date, amount, transaction_type_id) values (1, 21, 2019-07-24 16:32:42.82, 48328, 1)
insert into transfers(transaction_id, recipient_account_id, title) values (1, 21, t-1-from-21-to-21-on-2019-07-24 16:32:42.82)
insert into cards(account_id, pin_code, start_date, expire_date, card_number, ccv_code, is_active) values (2, 6247, 2016-07-22 13:31:03.959, 2020-07-25 13:31:03.959, null, 120, true)
insert into transactions(id, account_id, date, amount, transaction_type_id) values (1, 2, 2020-03-02 11:32:09.687, 56097, 2)
insert into card_payments(transaction_id, card_id, recipient_name) values (1, 28, random-recipient-709304)
insert into cards(account_id, pin_code, start_date, expire_date, card_number, ccv_code, is_active) values (13, 9704, 2010-06-25 10:04:18.567, 2014-06-28 10:04:18.567, null, 170, false)
insert into transactions(id, account_id, date, amount, transaction_type_id) values (1, 13, 2012-04-11 07:20:37.385, 91748, 1)
insert into transfers(transaction_id, recipient_account_id, title) values (1, 13, t-1-from-13-to-13-on-2012-04-11 07:20:37.385)
insert into cards(account_id, pin_code, start_date, expire_date, card_number, ccv_code, is_active) values (11, 8490, 2017-03-26 08:20:52.154, 2021-03-29 08:20:52.154, null, 320, true)
insert into transactions(id, account_id, date, amount, transaction_type_id) values (1, 11, 2020-12-21 11:50:34.647, 3060, 3)
insert into atm_transactions(transaction_id, card_id, atm_id) values (1, 30, 30)
